PID,lab
P01,Caren
P02,Caren
P03,Caren
P04,Caren
P05,Caren
P06,Caren
P07,Hertenstein
P08,Hertenstein
P09,EngineeringRoom
P10,EngineeringRoom
P11,EngineeringRoom
P12,EngineeringRoom
P13,EngineeringRoom
P14,Hertenstein
P15,Hertenstein
P16,HomeLab
P17,Hertenstein
P18,HomeLab
P19,Hertenstein
P20,HomeLab
P21,HomeLab
P22,HomeLab
P23,Hertenstein
P24,Hertenstein
P25,Hertenstein
P26,GLC
P27,Hertenstein
P28,Hertenstein
P29,Hertenstein
P30,Hertenstein
P31,Hertenstein
P32,GLC
P33,Hertenstein
P34,Hertenstein
P35,Hertenstein